year,STATE,STATE_POS,status,TOTAL VOTES,BLUE_VOTES,BLUE_PERCENT,BLUE_EV,RED_VOTES,RED_PERCENT,RED_EV,YELLOW_VOTES,YELLOW_PERCENT,YELLOW_EV
1960,Alaska,AK,red,60762,29809,49.1,0.0,30953,50.9,3.0,0,0,0.0
1960,Arizona,AZ,red,398491,176781,44.4,0.0,221241,55.5,4.0,0,0,0.0
1960,California,CA,red,6506578,3224099,49.6,0.0,3259722,50.1,32.0,0,0,0.0
1960,Colorado,CO,red,736236,330629,44.9,0.0,402242,54.6,6.0,0,0,0.0
1960,Florida,FL,red,1544176,748700,48.5,0.0,795476,51.5,10.0,0,0,0.0
1960,Idaho,ID,red,300450,138853,46.2,0.0,161597,53.8,4.0,0,0,0.0
1960,Indiana,IN,red,2135360,952358,44.6,0.0,1175120,55.0,13.0,0,0,0.0
1960,Iowa,IA,red,1273810,550565,43.2,0.0,722381,56.7,10.0,0,0,0.0
1960,Kansas,KS,red,928825,363213,39.1,0.0,561474,60.4,8.0,0,0,0.0
1960,Kentucky,KY,red,1124462,521855,46.4,0.0,602607,53.6,10.0,0,0,0.0
1960,Maine,ME,red,421767,181159,43.0,0.0,240608,57.0,5.0,0,0,0.0
1960,Montana,MT,red,277579,134891,48.6,0.0,141841,51.1,4.0,0,0,0.0
1960,Nebraska,NE,red,613095,232542,37.9,0.0,380553,62.1,6.0,0,0,0.0
1960,New Hampshire,NH,red,295761,137772,46.6,0.0,157989,53.4,4.0,0,0,0.0
1960,North Dakota,ND,red,278431,123963,44.5,0.0,154310,55.4,4.0,0,0,0.0
1960,Ohio,OH,red,4161859,1944248,46.7,0.0,2217611,53.3,25.0,0,0,0.0
1960,Oklahoma,OK,red,903150,370111,41.0,0.0,533039,59.0,7.0,0,0,0.0
1960,Oregon,OR,red,776421,367402,47.3,0.0,408060,52.6,6.0,0,0,0.0
1960,South Dakota,SD,red,306487,128070,41.8,0.0,178417,58.2,4.0,0,0,0.0
1960,Tennessee,TN,red,1051792,481453,45.8,0.0,556577,52.9,11.0,0,0,0.0
1960,Utah,UT,red,374709,169248,45.2,0.0,205361,54.8,4.0,0,0,0.0
1960,Vermont,VT,red,167324,69186,41.3,0.0,98131,58.6,3.0,0,0,0.0
1960,Virginia,VA,red,771449,362327,47.0,0.0,404521,52.4,12.0,0,0,0.0
1960,Washington,WA,red,1241572,599298,48.3,0.0,629273,50.7,9.0,0,0,0.0
1960,Wisconsin,WI,red,1729082,830805,48.0,0.0,895175,51.8,12.0,0,0,0.0
1960,Wyoming,WY,red,140782,63331,45.0,0.0,77451,55.0,3.0,0,0,0.0
1960,Alabama,AL,blue,570225,324050,56.8,5.0,237981,41.7,0.0,0,0,0.0
1960,Arkansas,AR,blue,428509,215049,50.2,8.0,184508,43.1,0.0,0,0,0.0
1960,Connecticut,CT,blue,1222883,657055,53.7,8.0,565813,46.3,0.0,0,0,0.0
1960,Delaware,DE,blue,196683,99590,50.6,3.0,96373,49.0,0.0,0,0,0.0
1960,Georgia,GA,blue,733349,458638,62.5,12.0,274472,37.4,0.0,0,0,0.0
1960,Hawaii,HI,blue,184705,92410,50.0,3.0,92295,50.0,0.0,0,0,0.0
1960,Illinois,IL,blue,4757409,2377846,50.0,27.0,2368988,49.8,0.0,0,0,0.0
1960,Louisiana,LA,blue,807891,407339,50.4,10.0,230980,28.6,0.0,0,0,0.0
1960,Maryland,MD,blue,1055349,565808,53.6,9.0,489538,46.4,0.0,0,0,0.0
1960,Massachusetts,MA,blue,2469480,1487174,60.2,16.0,976750,39.6,0.0,0,0,0.0
1960,Michigan,MI,blue,3318097,1687269,50.9,20.0,1620428,48.8,0.0,0,0,0.0
1960,Minnesota,MN,blue,1541887,779933,50.6,11.0,757915,49.2,0.0,0,0,0.0
1960,Mississippi,MS,blue,298171,108362,36.3,0.0,73561,24.7,0.0,0,0,0.0
1960,Missouri,MO,blue,1934422,972201,50.3,13.0,962221,49.7,0.0,0,0,0.0
1960,Nevada,NV,blue,107267,54880,51.2,3.0,52387,48.8,0.0,0,0,0.0
1960,New Jersey,NJ,blue,2773111,1385415,50.0,16.0,1363324,49.2,0.0,0,0,0.0
1960,New Mexico,NM,blue,311107,156027,50.2,4.0,153733,49.4,0.0,0,0,0.0
1960,New York,NY,blue,7291079,3830085,52.5,45.0,3446419,47.3,0.0,0,0,0.0
1960,North Carolina,NC,blue,1368556,713136,52.1,14.0,655420,47.9,0.0,0,0,0.0
1960,Pennsylvania,PA,blue,5006541,2556282,51.1,32.0,2439956,48.7,0.0,0,0,0.0
1960,Rhode Island,RI,blue,405535,258032,63.6,4.0,147502,36.4,0.0,0,0,0.0
1960,South Carolina,SC,blue,386688,198129,51.2,8.0,188558,48.8,0.0,0,0,0.0
1960,Texas,TX,blue,2311084,1167567,50.5,24.0,1121310,48.5,0.0,0,0,0.0
1960,West Virginia,WV,blue,837781,441786,52.7,8.0,395995,47.3,0.0,0,0,0.0
1964,Alabama,AL,red,689818,210733,30.5,0.0,479085,69.5,10.0,0,0,0.0
1964,Arizona,AZ,red,480770,237753,49.5,0.0,242535,50.4,5.0,0,0,0.0
1964,Georgia,GA,red,1139335,522556,45.9,0.0,616584,54.1,12.0,0,0,0.0
1964,Louisiana,LA,red,896293,387068,43.2,0.0,509225,56.8,10.0,0,0,0.0
1964,Mississippi,MS,red,409146,52618,12.9,0.0,356528,87.1,7.0,0,0,0.0
1964,South Carolina,SC,red,524779,215723,41.1,0.0,309048,58.9,8.0,0,0,0.0
1964,Alaska,AK,blue,67259,44329,65.9,3.0,22930,34.1,0.0,0,0,0.0
1964,Arkansas,AR,blue,560426,314197,56.1,6.0,243264,43.4,0.0,0,0,0.0
1964,California,CA,blue,7057586,4171877,59.1,40.0,2879108,40.8,0.0,0,0,0.0
1964,Colorado,CO,blue,776986,476024,61.3,6.0,296767,38.2,0.0,0,0,0.0
1964,Connecticut,CT,blue,1218578,826269,67.8,8.0,390996,32.1,0.0,0,0,0.0
1964,Delaware,DE,blue,201320,122704,60.9,3.0,78078,38.8,0.0,0,0,0.0
1964,Florida,FL,blue,1854481,948540,51.1,14.0,905941,48.9,0.0,0,0,0.0
1964,Hawaii,HI,blue,207271,163249,78.8,4.0,44022,21.2,0.0,0,0,0.0
1964,Idaho,ID,blue,292477,148920,50.9,4.0,143557,49.1,0.0,0,0,0.0
1964,Illinois,IL,blue,4702841,2796833,59.5,26.0,1905946,40.5,0.0,0,0,0.0
1964,Indiana,IN,blue,2091606,1170848,56.0,13.0,911118,43.6,0.0,0,0,0.0
1964,Iowa,IA,blue,1184539,733030,61.9,9.0,449148,37.9,0.0,0,0,0.0
1964,Kansas,KS,blue,857901,464028,54.1,7.0,386579,45.1,0.0,0,0,0.0
1964,Kentucky,KY,blue,1046105,669659,64.0,9.0,372977,35.7,0.0,0,0,0.0
1964,Maine,ME,blue,380965,262264,68.8,4.0,118701,31.2,0.0,0,0,0.0
1964,Maryland,MD,blue,1116457,730912,65.5,10.0,385495,34.5,0.0,0,0,0.0
1964,Massachusetts,MA,blue,2344798,1786422,76.2,14.0,549727,23.4,0.0,0,0,0.0
1964,Michigan,MI,blue,3203102,2136615,66.7,21.0,1060152,33.1,0.0,0,0,0.0
1964,Minnesota,MN,blue,1554462,991117,63.8,10.0,559624,36.0,0.0,0,0,0.0
1964,Missouri,MO,blue,1817879,1164344,64.0,12.0,653535,36.0,0.0,0,0,0.0
1964,Montana,MT,blue,278628,164246,58.9,4.0,113032,40.6,0.0,0,0,0.0
1964,Nebraska,NE,blue,584154,307307,52.6,5.0,276847,47.4,0.0,0,0,0.0
1964,Nevada,NV,blue,135433,79339,58.6,3.0,56094,41.4,0.0,0,0,0.0
1964,New Hampshire,NH,blue,288093,184064,63.9,4.0,104029,36.1,0.0,0,0,0.0
1964,New Jersey,NJ,blue,2847663,1868231,65.6,17.0,964174,33.9,0.0,0,0,0.0
1964,New Mexico,NM,blue,328645,194015,59.0,4.0,132838,40.4,0.0,0,0,0.0
1964,New York,NY,blue,7166275,4913102,68.6,43.0,2243559,31.3,0.0,0,0,0.0
1964,North Carolina,NC,blue,1424983,800139,56.2,13.0,624844,43.8,0.0,0,0,0.0
1964,North Dakota,ND,blue,258389,149784,58.0,4.0,108207,41.9,0.0,0,0,0.0
1964,Ohio,OH,blue,3969196,2498331,62.9,26.0,1470865,37.1,0.0,0,0,0.0
1964,Oklahoma,OK,blue,932499,519834,55.7,8.0,412665,44.3,0.0,0,0,0.0
1964,Oregon,OR,blue,786305,501017,63.7,6.0,282779,36.0,0.0,0,0,0.0
1964,Pennsylvania,PA,blue,4822690,3130954,64.9,29.0,1673657,34.7,0.0,0,0,0.0
1964,Rhode Island,RI,blue,390091,315463,80.9,4.0,74615,19.1,0.0,0,0,0.0
1964,South Dakota,SD,blue,293118,163010,55.6,4.0,130108,44.4,0.0,0,0,0.0
1964,Tennessee,TN,blue,1143946,634947,55.5,11.0,508965,44.5,0.0,0,0,0.0
1964,Texas,TX,blue,2626811,1663185,63.3,25.0,958566,36.5,0.0,0,0,0.0
1964,Utah,UT,blue,401413,219628,54.7,4.0,181785,45.3,0.0,0,0,0.0
1964,Vermont,VT,blue,163089,108127,66.3,3.0,54942,33.7,0.0,0,0,0.0
1964,Virginia,VA,blue,1042267,558038,53.5,12.0,481334,46.2,0.0,0,0,0.0
1964,Washington,WA,blue,1258556,779881,62.0,9.0,470366,37.4,0.0,0,0,0.0
1964,West Virginia,WV,blue,792040,538087,67.9,7.0,253953,32.1,0.0,0,0,0.0
1964,Wisconsin,WI,blue,1691815,1050424,62.1,12.0,638495,37.7,0.0,0,0,0.0
1964,Wyoming,WY,blue,142716,80718,56.6,3.0,61998,43.4,0.0,0,0,0.0
1968,Alaska,AK,red,83035,35411,42.6,0.0,37600,45.3,3.0,10024,12.1,0.0
1968,Arizona,AZ,red,486936,170514,35.0,0.0,266721,54.8,5.0,46573,9.6,0.0
1968,California,CA,red,7251587,3244318,44.7,0.0,3467664,47.8,40.0,487270,6.7,0.0
1968,Colorado,CO,red,811199,335174,41.3,0.0,409345,50.5,6.0,60813,7.5,0.0
1968,Delaware,DE,red,214367,89194,41.6,0.0,96714,45.1,3.0,28459,13.3,0.0
1968,Florida,FL,red,2187805,676794,30.9,0.0,886804,40.5,14.0,624207,28.5,0.0
1968,Idaho,ID,red,291183,89273,30.7,0.0,165369,56.8,4.0,36541,12.5,0.0
1968,Illinois,IL,red,4619749,2039814,44.2,0.0,2174774,47.1,26.0,390958,8.5,0.0
1968,Indiana,IN,red,2123597,806659,38.0,0.0,1067885,50.3,13.0,243108,11.4,0.0
1968,Iowa,IA,red,1167931,476699,40.8,0.0,619106,53.0,9.0,66422,5.7,0.0
1968,Kansas,KS,red,872783,302996,34.7,0.0,478674,54.8,7.0,88921,10.2,0.0
1968,Kentucky,KY,red,1055893,397541,37.6,0.0,462411,43.8,9.0,193098,18.3,0.0
1968,Missouri,MO,red,1809502,791444,43.7,0.0,811932,44.9,12.0,206126,11.4,0.0
1968,Montana,MT,red,274404,114117,41.6,0.0,138835,50.6,4.0,20015,7.3,0.0
1968,Nebraska,NE,red,536851,170784,31.8,0.0,321163,59.8,5.0,44904,8.4,0.0
1968,Nevada,NV,red,154218,60598,39.3,0.0,73188,47.5,3.0,20432,13.2,0.0
1968,New Hampshire,NH,red,297298,130589,43.9,0.0,154903,52.1,4.0,11173,3.8,0.0
1968,New Jersey,NJ,red,2875395,1264206,44.0,0.0,1325467,46.1,17.0,262187,9.1,0.0
1968,New Mexico,NM,red,327350,130081,39.7,0.0,169692,51.8,4.0,25737,7.9,0.0
1968,North Carolina,NC,red,1587493,464113,29.2,0.0,627192,39.5,12.0,496188,31.3,1.0
1968,North Dakota,ND,red,247882,94769,38.2,0.0,138669,55.9,4.0,14244,5.7,0.0
1968,Ohio,OH,red,3959698,1700586,42.9,0.0,1791014,45.2,26.0,467495,11.8,0.0
1968,Oklahoma,OK,red,943086,301658,32.0,0.0,449697,47.7,8.0,191731,20.3,0.0
1968,Oregon,OR,red,819622,358866,43.8,0.0,408433,49.8,6.0,49683,6.1,0.0
1968,South Carolina,SC,red,666978,197486,29.6,0.0,254062,38.1,8.0,215430,32.3,0.0
1968,South Dakota,SD,red,281264,118023,42.0,0.0,149841,53.3,4.0,13400,4.8,0.0
1968,Tennessee,TN,red,1248617,351233,28.1,0.0,472592,37.8,11.0,424792,34.0,0.0
1968,Utah,UT,red,422568,156665,31.1,0.0,238728,56.5,4.0,26906,6.4,0.0
1968,Vermont,VT,red,161404,70255,43.5,0.0,85142,52.8,3.0,5104,3.2,0.0
1968,Virginia,VA,red,1361491,442387,32.5,0.0,590319,43.4,12.0,321833,23.6,0.0
1968,Wisconsin,WI,red,1691538,748804,44.3,0.0,809997,47.9,12.0,127835,7.6,0.0
1968,Wyoming,WY,red,127205,45173,35.5,0.0,70927,55.8,3.0,11105,8.7,0.0
1968,Connecticut,CT,blue,1256232,621561,49.5,8.0,556721,44.3,0.0,76650,6.1,0.0
1968,Hawaii,HI,blue,236218,141324,59.8,4.0,91425,38.7,0.0,3469,1.5,0.0
1968,Maine,ME,blue,392936,217312,55.3,4.0,169254,43.1,0.0,6370,1.6,0.0
1968,Maryland,MD,blue,1235039,538310,43.6,10.0,517995,41.9,0.0,178734,14.5,0.0
1968,Massachusetts,MA,blue,2331752,1469218,63.0,14.0,766844,32.9,0.0,87088,3.7,0.0
1968,Michigan,MI,blue,3306250,1593082,48.2,21.0,1370665,41.5,0.0,331968,10.0,0.0
1968,Minnesota,MN,blue,1588506,857738,54.0,10.0,658643,41.5,0.0,68931,4.3,0.0
1968,New York,NY,blue,6791688,3378470,49.7,43.0,3007932,44.3,0.0,358864,5.3,0.0
1968,Pennsylvania,PA,blue,4747928,2259405,47.6,29.0,2090017,44.0,0.0,378582,8.0,0.0
1968,Rhode Island,RI,blue,385000,246518,64.0,4.0,122359,31.8,0.0,15678,4.1,0.0
1968,Texas,TX,blue,3079216,1266804,41.1,25.0,1227844,39.9,0.0,584269,19.0,0.0
1968,Washington,WA,blue,1304281,616037,47.2,9.0,588510,45.1,0.0,96990,7.4,0.0
1968,West Virginia,WV,blue,754206,374091,49.6,7.0,307555,40.8,0.0,72560,9.6,0.0
1968,Alabama,AL,yellow,1049922,196579,18.7,0.0,146923,14.0,0.0,691425,65.9,10.0
1968,Arkansas,AR,yellow,619969,188228,30.4,0.0,190759,30.8,0.0,240982,38.9,6.0
1968,Georgia,GA,yellow,1250266,334440,26.7,0.0,380111,30.4,0.0,535550,42.8,12.0
1968,Louisiana,LA,yellow,1097450,309615,28.2,0.0,257535,23.5,0.0,530300,48.3,10.0
1968,Mississippi,MS,yellow,654509,150644,23.0,0.0,88516,13.5,0.0,415349,63.5,7.0
1972,Alabama,AL,red,1006111,256923,25.5,0.0,728701,72.4,9.0,0,0,0.0
1972,Alaska,AK,red,95219,32967,34.6,0.0,55349,58.1,3.0,0,0,0.0
1972,Arizona,AZ,red,622926,198540,31.9,0.0,402812,64.7,6.0,0,0,0.0
1972,Arkansas,AR,red,651320,199892,30.7,0.0,448541,68.9,6.0,0,0,0.0
1972,California,CA,red,8367862,3475847,41.5,0.0,4602096,55.0,45.0,0,0,0.0
1972,Colorado,CO,red,953884,329980,34.6,0.0,597189,62.6,7.0,0,0,0.0
1972,Connecticut,CT,red,1384277,555498,40.1,0.0,810763,58.6,8.0,0,0,0.0
1972,Delaware,DE,red,235516,92283,39.2,0.0,140357,59.6,3.0,0,0,0.0
1972,Florida,FL,red,2583283,718117,27.8,0.0,1857759,71.9,17.0,0,0,0.0
1972,Georgia,GA,red,1174772,289529,24.6,0.0,881496,75.0,12.0,0,0,0.0
1972,Hawaii,HI,red,270274,101409,37.5,0.0,168865,62.5,4.0,0,0,0.0
1972,Idaho,ID,red,310379,80826,26.0,0.0,199384,64.2,4.0,0,0,0.0
1972,Illinois,IL,red,4723236,1913472,40.5,0.0,2788179,59.0,26.0,0,0,0.0
1972,Indiana,IN,red,2125529,708568,33.3,0.0,1405154,66.1,13.0,0,0,0.0
1972,Iowa,IA,red,1225944,496206,40.5,0.0,706207,57.6,8.0,0,0,0.0
1972,Kansas,KS,red,916095,270287,29.5,0.0,619812,67.7,7.0,0,0,0.0
1972,Kentucky,KY,red,1067499,371159,34.8,0.0,676446,63.4,9.0,0,0,0.0
1972,Louisiana,LA,red,1051491,298142,28.4,0.0,686852,65.3,10.0,0,0,0.0
1972,Maine,ME,red,417042,160584,38.5,0.0,256458,61.5,4.0,0,0,0.0
1972,Maryland,MD,red,1353812,505781,37.4,0.0,829305,61.3,10.0,0,0,0.0
1972,Michigan,MI,red,3489727,1459435,41.8,0.0,1961721,56.2,21.0,0,0,0.0
1972,Minnesota,MN,red,1741652,802346,46.1,0.0,898269,51.6,10.0,0,0,0.0
1972,Mississippi,MS,red,645963,126782,19.6,0.0,505125,78.2,7.0,0,0,0.0
1972,Missouri,MO,red,1855803,697147,37.6,0.0,1153852,62.2,12.0,0,0,0.0
1972,Montana,MT,red,317603,120197,37.8,0.0,183976,57.9,4.0,0,0,0.0
1972,Nebraska,NE,red,576289,169991,29.5,0.0,406298,70.5,5.0,0,0,0.0
1972,Nevada,NV,red,181766,66016,36.3,0.0,115750,63.7,3.0,0,0,0.0
1972,New Hampshire,NH,red,334055,116435,34.9,0.0,213724,64.0,4.0,0,0,0.0
1972,New Jersey,NJ,red,2997229,1102211,36.8,0.0,1845502,61.6,17.0,0,0,0.0
1972,New Mexico,NM,red,386241,141084,36.5,0.0,235606,61.0,4.0,0,0,0.0
1972,New York,NY,red,7165919,2951084,41.2,0.0,4192778,58.5,41.0,0,0,0.0
1972,North Carolina,NC,red,1518612,438705,28.9,0.0,1054889,69.5,13.0,0,0,0.0
1972,North Dakota,ND,red,280514,100384,35.8,0.0,174109,62.1,3.0,0,0,0.0
1972,Ohio,OH,red,4094787,1558889,38.1,0.0,2441827,59.6,25.0,0,0,0.0
1972,Oklahoma,OK,red,1029900,247147,24.0,0.0,759025,73.7,8.0,0,0,0.0
1972,Oregon,OR,red,927946,392760,42.3,0.0,486686,52.4,6.0,0,0,0.0
1972,Pennsylvania,PA,red,4592106,1796951,39.1,0.0,2714521,59.1,27.0,0,0,0.0
1972,Rhode Island,RI,red,415808,194645,46.8,0.0,220383,53.0,4.0,0,0,0.0
1972,South Carolina,SC,red,673960,186824,27.7,0.0,477044,70.8,8.0,0,0,0.0
1972,South Dakota,SD,red,307415,139945,45.5,0.0,166476,54.2,4.0,0,0,0.0
1972,Tennessee,TN,red,1201182,357293,29.7,0.0,813147,67.7,10.0,0,0,0.0
1972,Texas,TX,red,3471281,1154289,33.3,0.0,2298896,66.2,26.0,0,0,0.0
1972,Utah,UT,red,478476,126284,26.4,0.0,323643,67.6,4.0,0,0,0.0
1972,Vermont,VT,red,186947,68174,36.5,0.0,117149,62.7,3.0,0,0,0.0
1972,Virginia,VA,red,1457019,438887,30.1,0.0,988493,67.8,11.0,0,0,0.0
1972,Washington,WA,red,1470847,568334,38.6,0.0,837135,56.9,9.0,0,0,0.0
1972,West Virginia,WV,red,762399,277435,36.4,0.0,484964,63.6,6.0,0,0,0.0
1972,Wisconsin,WI,red,1852890,810174,43.7,0.0,989430,53.4,11.0,0,0,0.0
1972,Wyoming,WY,red,145570,44358,30.5,0.0,100464,69.0,3.0,0,0,0.0
1972,Massachusetts,MA,blue,2458756,1332540,54.2,14.0,1112078,45.2,0.0,0,0,0.0
1976,Alaska,AK,red,123574,44058,35.7,0.0,71555,57.9,3.0,0,0,0.0
1976,Arizona,AZ,red,742719,295602,39.8,0.0,418642,56.4,6.0,0,0,0.0
1976,California,CA,red,7867117,3742284,47.6,0.0,3882244,49.3,45.0,0,0,0.0
1976,Colorado,CO,red,1081554,460353,42.6,0.0,584367,54.0,7.0,0,0,0.0
1976,Connecticut,CT,red,1381526,647895,46.9,0.0,719261,52.1,8.0,0,0,0.0
1976,Idaho,ID,red,344071,126549,36.8,0.0,204151,59.3,4.0,0,0,0.0
1976,Illinois,IL,red,4718914,2271295,48.1,0.0,2364269,50.1,26.0,0,0,0.0
1976,Indiana,IN,red,2220362,1014714,45.7,0.0,1183958,53.3,13.0,0,0,0.0
1976,Iowa,IA,red,1279306,619931,48.5,0.0,632863,49.5,8.0,0,0,0.0
1976,Kansas,KS,red,957845,430421,44.9,0.0,502752,52.5,7.0,0,0,0.0
1976,Maine,ME,red,483216,232279,48.1,0.0,236320,48.9,4.0,0,0,0.0
1976,Michigan,MI,red,3653749,1696714,46.4,0.0,1893742,51.8,21.0,0,0,0.0
1976,Montana,MT,red,328734,149259,45.4,0.0,173703,52.8,4.0,0,0,0.0
1976,Nebraska,NE,red,607668,233692,38.5,0.0,359705,59.2,5.0,0,0,0.0
1976,Nevada,NV,red,201876,92479,45.8,0.0,101273,50.2,3.0,0,0,0.0
1976,New Hampshire,NH,red,339618,147635,43.5,0.0,185935,54.7,4.0,0,0,0.0
1976,New Jersey,NJ,red,3014472,1444653,47.9,0.0,1509688,50.1,17.0,0,0,0.0
1976,New Mexico,NM,red,418409,201148,48.1,0.0,211419,50.5,4.0,0,0,0.0
1976,North Dakota,ND,red,297188,136078,45.8,0.0,153470,51.6,3.0,0,0,0.0
1976,Oklahoma,OK,red,1092251,532442,48.7,0.0,545708,50.0,8.0,0,0,0.0
1976,Oregon,OR,red,1029876,490407,47.6,0.0,492120,47.8,6.0,0,0,0.0
1976,South Dakota,SD,red,300678,147068,48.9,0.0,151505,50.4,4.0,0,0,0.0
1976,Utah,UT,red,541198,182110,33.6,0.0,337908,62.4,4.0,0,0,0.0
1976,Vermont,VT,red,187765,80954,43.1,0.0,102085,54.4,3.0,0,0,0.0
1976,Virginia,VA,red,1697094,813896,48.0,0.0,836554,49.3,12.0,0,0,0.0
1976,Washington,WA,red,1555534,717323,46.1,0.0,777732,50.0,8.0,0,0,0.0
1976,Wyoming,WY,red,156343,62239,39.8,0.0,92717,59.3,3.0,0,0,0.0
1976,Alabama,AL,blue,1182850,659170,55.7,9.0,504070,42.6,0.0,0,0,0.0
1976,Arkansas,AR,blue,767535,498604,65.0,6.0,267903,34.9,0.0,0,0,0.0
1976,Delaware,DE,blue,235834,122596,52.0,3.0,109831,46.6,0.0,0,0,0.0
1976,Florida,FL,blue,3150631,1636000,51.9,17.0,1469531,46.6,0.0,0,0,0.0
1976,Georgia,GA,blue,1467458,979409,66.7,12.0,483743,33.0,0.0,0,0,0.0
1976,Hawaii,HI,blue,291301,147375,50.6,4.0,140003,48.1,0.0,0,0,0.0
1976,Kentucky,KY,blue,1167142,615717,52.8,9.0,531852,45.6,0.0,0,0,0.0
1976,Louisiana,LA,blue,1278439,661365,51.7,10.0,587446,46.0,0.0,0,0,0.0
1976,Maryland,MD,blue,1439897,759612,52.8,10.0,672661,46.7,0.0,0,0,0.0
1976,Massachusetts,MA,blue,2547558,1429475,56.1,14.0,1030276,40.4,0.0,0,0,0.0
1976,Minnesota,MN,blue,1949931,1070440,54.9,10.0,819395,42.0,0.0,0,0,0.0
1976,Mississippi,MS,blue,769361,381309,49.6,7.0,366846,47.7,0.0,0,0,0.0
1976,Missouri,MO,blue,1953600,998387,51.1,12.0,927443,47.5,0.0,0,0,0.0
1976,New York,NY,blue,6534170,3389558,51.9,41.0,3100791,47.5,0.0,0,0,0.0
1976,North Carolina,NC,blue,1678914,927365,55.2,13.0,741960,44.2,0.0,0,0,0.0
1976,Ohio,OH,blue,4111873,2011621,48.9,25.0,2000505,48.7,0.0,0,0,0.0
1976,Pennsylvania,PA,blue,4620787,2328677,50.4,27.0,2205604,47.7,0.0,0,0,0.0
1976,Rhode Island,RI,blue,411170,227636,55.4,4.0,181249,44.1,0.0,0,0,0.0
1976,South Carolina,SC,blue,802583,450807,56.2,8.0,346149,43.1,0.0,0,0,0.0
1976,Tennessee,TN,blue,1476345,825879,55.9,10.0,633969,42.9,0.0,0,0,0.0
1976,Texas,TX,blue,4071884,2082319,51.1,26.0,1953300,48.0,0.0,0,0,0.0
1976,West Virginia,WV,blue,750964,435914,58.0,6.0,314760,41.9,0.0,0,0,0.0
1976,Wisconsin,WI,blue,2104175,1040232,49.4,11.0,1004987,47.8,0.0,0,0,0.0
1980,Alabama,AL,red,1341929,636730,47.4,0.0,654192,48.8,9.0,16481,1.2,0.0
1980,Alaska,AK,red,158445,41842,26.4,0.0,86112,54.3,3.0,11155,7.0,0.0
1980,Arizona,AZ,red,873945,246843,28.2,0.0,529688,60.6,6.0,76952,8.8,0.0
1980,Arkansas,AR,red,837582,398041,47.5,0.0,403164,48.1,6.0,22468,2.7,0.0
1980,California,CA,red,8587063,3083661,35.9,0.0,4524858,52.7,45.0,739833,8.6,0.0
1980,Colorado,CO,red,1184415,367973,31.1,0.0,652264,55.1,7.0,130633,11.0,0.0
1980,Connecticut,CT,red,1406285,541732,38.5,0.0,677210,48.2,8.0,171807,12.2,0.0
1980,Delaware,DE,red,235900,105754,44.8,0.0,111252,47.2,3.0,16288,6.9,0.0
1980,Florida,FL,red,3686930,1419475,38.5,0.0,2046951,55.5,17.0,189692,5.1,0.0
1980,Idaho,ID,red,437431,110192,25.2,0.0,290699,66.5,4.0,27058,6.2,0.0
1980,Illinois,IL,red,4749721,1981413,41.7,0.0,2358049,49.6,26.0,346754,7.3,0.0
1980,Indiana,IN,red,2242033,844197,37.7,0.0,1255656,56.0,13.0,111639,5.0,0.0
1980,Iowa,IA,red,1317661,508672,38.6,0.0,676026,51.3,8.0,115633,8.8,0.0
1980,Kansas,KS,red,979795,326150,33.3,0.0,566812,57.9,7.0,68231,7.0,0.0
1980,Kentucky,KY,red,1294627,616417,47.6,0.0,635274,49.1,9.0,31127,2.4,0.0
1980,Louisiana,LA,red,1548591,708453,45.7,0.0,792853,51.2,10.0,26345,1.7,0.0
1980,Maine,ME,red,523011,220974,42.3,0.0,238522,45.6,4.0,53327,10.2,0.0
1980,Massachusetts,MA,red,2522890,1053802,41.7,0.0,1057631,41.9,14.0,382539,15.2,0.0
1980,Michigan,MI,red,3909725,1661532,42.5,0.0,1915225,49.0,21.0,275223,7.0,0.0
1980,Mississippi,MS,red,892620,429281,48.1,0.0,441089,49.4,7.0,12036,1.3,0.0
1980,Missouri,MO,red,2099824,931182,44.3,0.0,1074181,51.2,12.0,77920,3.7,0.0
1980,Montana,MT,red,363952,118032,32.4,0.0,206814,56.8,4.0,29281,8.0,0.0
1980,Nebraska,NE,red,640854,166851,26.0,0.0,419937,65.5,5.0,44993,7.0,0.0
1980,Nevada,NV,red,247885,66666,26.9,0.0,155017,62.5,3.0,17651,7.1,0.0
1980,New Hampshire,NH,red,383990,108864,28.4,0.0,221705,57.7,4.0,49693,12.9,0.0
1980,New Jersey,NJ,red,2975684,1147364,38.6,0.0,1546557,52.0,17.0,234632,7.9,0.0
1980,New Mexico,NM,red,456971,167826,36.7,0.0,250779,54.9,4.0,29459,6.4,0.0
1980,New York,NY,red,6201959,2728372,44.0,0.0,2893831,46.7,41.0,467801,7.5,0.0
1980,North Carolina,NC,red,1855833,875635,47.2,0.0,915018,49.3,13.0,52800,2.8,0.0
1980,North Dakota,ND,red,301545,79189,26.3,0.0,193695,64.2,3.0,23640,7.8,0.0
1980,Ohio,OH,red,4283603,1752414,40.9,0.0,2206545,51.5,25.0,254472,5.9,0.0
1980,Oklahoma,OK,red,1149708,402026,35.0,0.0,695570,60.5,8.0,38284,3.3,0.0
1980,Oregon,OR,red,1181516,456890,38.7,0.0,571044,48.3,6.0,112389,9.5,0.0
1980,Pennsylvania,PA,red,4561501,1937540,42.5,0.0,2261872,49.6,27.0,292921,6.4,0.0
1980,South Carolina,SC,red,894071,430385,48.1,0.0,441841,49.4,8.0,14153,1.6,0.0
1980,South Dakota,SD,red,327703,103855,31.7,0.0,198343,60.5,4.0,21431,6.5,0.0
1980,Tennessee,TN,red,1617616,783051,48.4,0.0,787761,48.7,10.0,35991,2.2,0.0
1980,Texas,TX,red,4541636,1881147,41.4,0.0,2510705,55.3,26.0,111613,2.5,0.0
1980,Utah,UT,red,604222,124266,20.6,0.0,439687,72.8,4.0,30284,5.0,0.0
1980,Vermont,VT,red,213299,81952,38.4,0.0,94628,44.4,3.0,31761,14.9,0.0
1980,Virginia,VA,red,1866032,752174,40.3,0.0,989609,53.0,12.0,95418,5.1,0.0
1980,Washington,WA,red,1742394,650193,37.3,0.0,865244,49.7,9.0,185073,10.6,0.0
1980,Wisconsin,WI,red,2273221,981584,43.2,0.0,1088845,47.9,11.0,160657,7.1,0.0
1980,Wyoming,WY,red,176713,49427,28.0,0.0,110700,62.6,3.0,12072,6.8,0.0
1980,Georgia,GA,blue,1596695,890733,55.8,12.0,654168,41.0,0.0,36055,2.3,0.0
1980,Hawaii,HI,blue,303287,135879,44.8,4.0,130112,42.9,0.0,32021,10.6,0.0
1980,Maryland,MD,blue,1540496,726161,47.1,10.0,680606,44.2,0.0,119537,7.8,0.0
1980,Minnesota,MN,blue,2051980,954174,46.5,10.0,873268,42.6,0.0,174990,8.5,0.0
1980,Rhode Island,RI,blue,416072,198342,47.7,4.0,154793,37.2,0.0,59819,14.4,0.0
1980,West Virginia,WV,blue,737715,367462,49.8,6.0,334206,45.3,0.0,31691,4.3,0.0
1984,Alabama,AL,red,1441713,551899,38.3,0.0,872849,60.5,9.0,0,0,0.0
1984,Alaska,AK,red,207605,62007,29.9,0.0,138377,66.7,3.0,0,0,0.0
1984,Arizona,AZ,red,1025897,333854,32.5,0.0,681416,66.4,7.0,0,0,0.0
1984,Arkansas,AR,red,884406,338646,38.3,0.0,534774,60.5,6.0,0,0,0.0
1984,California,CA,red,9505423,3922519,41.3,0.0,5467009,57.5,47.0,0,0,0.0
1984,Colorado,CO,red,1295380,454975,35.1,0.0,821817,63.4,8.0,0,0,0.0
1984,Connecticut,CT,red,1466900,569597,38.8,0.0,890877,60.7,8.0,0,0,0.0
1984,Delaware,DE,red,254572,101656,39.9,0.0,152190,59.8,3.0,0,0,0.0
1984,Florida,FL,red,4180051,1448816,34.7,0.0,2730350,65.3,21.0,0,0,0.0
1984,Georgia,GA,red,1776120,706628,39.8,0.0,1068722,60.2,12.0,0,0,0.0
1984,Hawaii,HI,red,335846,147154,43.8,0.0,185050,55.1,4.0,0,0,0.0
1984,Idaho,ID,red,411144,108510,26.4,0.0,297523,72.4,4.0,0,0,0.0
1984,Illinois,IL,red,4819088,2086499,43.3,0.0,2707103,56.2,24.0,0,0,0.0
1984,Indiana,IN,red,2233069,841481,37.7,0.0,1377230,61.7,12.0,0,0,0.0
1984,Iowa,IA,red,1319805,605620,45.9,0.0,703088,53.3,8.0,0,0,0.0
1984,Kansas,KS,red,1021991,333149,32.6,0.0,677296,66.3,7.0,0,0,0.0
1984,Kentucky,KY,red,1369345,539539,39.4,0.0,821702,60.0,9.0,0,0,0.0
1984,Louisiana,LA,red,1706822,651586,38.2,0.0,1037299,60.8,10.0,0,0,0.0
1984,Maine,ME,red,553144,214515,38.8,0.0,336500,60.8,4.0,0,0,0.0
1984,Maryland,MD,red,1675873,787935,47.0,0.0,879918,52.5,10.0,0,0,0.0
1984,Massachusetts,MA,red,2559453,1239606,48.4,0.0,1310936,51.2,13.0,0,0,0.0
1984,Michigan,MI,red,3801658,1529638,40.2,0.0,2251571,59.2,20.0,0,0,0.0
1984,Mississippi,MS,red,941104,352192,37.4,0.0,582377,61.9,7.0,0,0,0.0
1984,Missouri,MO,red,2122783,848583,40.0,0.0,1274188,60.0,11.0,0,0,0.0
1984,Montana,MT,red,384377,146742,38.2,0.0,232450,60.5,4.0,0,0,0.0
1984,Nebraska,NE,red,652090,187866,28.8,0.0,460054,70.6,5.0,0,0,0.0
1984,Nevada,NV,red,286667,91655,32.0,0.0,188770,65.8,4.0,0,0,0.0
1984,New Hampshire,NH,red,389066,120395,30.9,0.0,267051,68.6,4.0,0,0,0.0
1984,New Jersey,NJ,red,3217862,1261323,39.2,0.0,1933630,60.1,16.0,0,0,0.0
1984,New Mexico,NM,red,514370,201769,39.2,0.0,307101,59.7,5.0,0,0,0.0
1984,North Carolina,NC,red,2175361,824287,37.9,0.0,1346481,61.9,13.0,0,0,0.0
1984,North Dakota,ND,red,308971,104429,33.8,0.0,200336,64.8,3.0,0,0,0.0
1984,New York,NY,red,6806810,3119609,45.8,0.0,3664763,53.8,36.0,0,0,0.0
1984,Ohio,OH,red,4547619,1825440,40.1,0.0,2678560,58.9,23.0,0,0,0.0
1984,Oklahoma,OK,red,1255676,385080,30.7,0.0,861530,68.6,8.0,0,0,0.0
1984,Oregon,OR,red,1226527,536479,43.7,0.0,685700,55.9,7.0,0,0,0.0
1984,Pennsylvania,PA,red,4844903,2228131,46.0,0.0,2584323,53.3,25.0,0,0,0.0
1984,Rhode Island,RI,red,410492,197106,48.0,0.0,212080,51.7,4.0,0,0,0.0
1984,South Carolina,SC,red,968529,344459,35.6,0.0,615539,63.6,8.0,0,0,0.0
1984,South Dakota,SD,red,317867,116113,36.5,0.0,200267,63.0,3.0,0,0,0.0
1984,Tennessee,TN,red,1711994,711714,41.6,0.0,990212,57.8,11.0,0,0,0.0
1984,Texas,TX,red,5397571,1949276,36.1,0.0,3433428,63.6,29.0,0,0,0.0
1984,Utah,UT,red,629656,155369,24.7,0.0,469105,74.5,5.0,0,0,0.0
1984,Vermont,VT,red,234561,95730,40.8,0.0,135865,57.9,3.0,0,0,0.0
1984,Virginia,VA,red,2146635,796250,37.1,0.0,1337078,62.3,12.0,0,0,0.0
1984,Washington,WA,red,1883910,807352,42.9,0.0,1051670,55.8,10.0,0,0,0.0
1984,West Virginia,WV,red,735742,328125,44.6,0.0,405483,55.1,6.0,0,0,0.0
1984,Wisconsin,WI,red,2211689,995740,45.0,0.0,1198584,54.2,11.0,0,0,0.0
1984,Wyoming,WY,red,188968,53370,28.2,0.0,133241,70.5,3.0,0,0,0.0
1984,Minnesota,MN,blue,2084449,1036364,49.7,10.0,1032603,49.5,0.0,0,0,0.0
1988,Alabama,AL,red,1378476,549506,39.9,0.0,815576,59.2,9.0,0,0,0.0
1988,Alaska,AK,red,200116,72584,36.3,0.0,119251,59.6,3.0,0,0,0.0
1988,Arizona,AZ,red,1171873,454029,38.7,0.0,702541,60.0,7.0,0,0,0.0
1988,Arkansas,AR,red,827738,349237,42.2,0.0,466578,56.4,6.0,0,0,0.0
1988,California,CA,red,9887065,4702233,47.6,0.0,5054917,51.1,47.0,0,0,0.0
1988,Colorado,CO,red,1372394,621453,45.3,0.0,728177,53.1,8.0,0,0,0.0
1988,Connecticut,CT,red,1443394,676584,46.9,0.0,750241,52.0,8.0,0,0,0.0
1988,Delaware,DE,red,249891,108647,43.5,0.0,139639,55.9,3.0,0,0,0.0
1988,Florida,FL,red,4302313,1656701,38.5,0.0,2618885,60.9,21.0,0,0,0.0
1988,Georgia,GA,red,1809672,714792,39.5,0.0,1081331,59.8,12.0,0,0,0.0
1988,Idaho,ID,red,408968,147272,36.0,0.0,253881,62.1,4.0,0,0,0.0
1988,Illinois,IL,red,4559120,2215940,48.6,0.0,2310939,50.7,24.0,0,0,0.0
1988,Indiana,IN,red,2168621,860643,39.7,0.0,1297763,59.8,12.0,0,0,0.0
1988,Kansas,KS,red,993044,422636,42.6,0.0,554049,55.8,7.0,0,0,0.0
1988,Kentucky,KY,red,1322517,580368,43.9,0.0,734281,55.5,9.0,0,0,0.0
1988,Louisiana,LA,red,1628202,717460,44.1,0.0,883702,54.3,10.0,0,0,0.0
1988,Maine,ME,red,555035,243569,43.9,0.0,307131,55.3,4.0,0,0,0.0
1988,Maryland,MD,red,1714358,826304,48.2,0.0,876167,51.1,10.0,0,0,0.0
1988,Michigan,MI,red,3669163,1675783,45.7,0.0,1965486,53.6,20.0,0,0,0.0
1988,Mississippi,MS,red,931527,363921,39.1,0.0,557890,59.9,7.0,0,0,0.0
1988,Missouri,MO,red,2093713,1001619,47.8,0.0,1084953,51.8,11.0,0,0,0.0
1988,Montana,MT,red,365674,168936,46.2,0.0,190412,52.1,4.0,0,0,0.0
1988,Nebraska,NE,red,661465,259235,39.2,0.0,397956,60.2,5.0,0,0,0.0
1988,Nevada,NV,red,350067,132738,37.9,0.0,206040,58.9,4.0,0,0,0.0
1988,New Hampshire,NH,red,451074,163696,36.3,0.0,281537,62.4,4.0,0,0,0.0
1988,New Jersey,NJ,red,3099553,1320352,42.6,0.0,1743192,56.2,16.0,0,0,0.0
1988,New Mexico,NM,red,521287,244497,46.9,0.0,270341,51.9,5.0,0,0,0.0
1988,North Carolina,NC,red,2134370,890167,41.7,0.0,1237258,58.0,13.0,0,0,0.0
1988,North Dakota,ND,red,297261,127739,43.0,0.0,166559,56.0,3.0,0,0,0.0
1988,Ohio,OH,red,4393699,1939629,44.1,0.0,2416549,55.0,23.0,0,0,0.0
1988,Oklahoma,OK,red,1171036,483423,41.3,0.0,678367,57.9,8.0,0,0,0.0
1988,Pennsylvania,PA,red,4536251,2194944,48.4,0.0,2300087,50.7,25.0,0,0,0.0
1988,South Carolina,SC,red,986009,370554,37.6,0.0,606443,61.5,8.0,0,0,0.0
1988,South Dakota,SD,red,312991,145560,46.5,0.0,165415,52.8,3.0,0,0,0.0
1988,Tennessee,TN,red,1636250,679794,41.5,0.0,947233,57.9,11.0,0,0,0.0
1988,Texas,TX,red,5427410,2352748,43.3,0.0,3036829,56.0,29.0,0,0,0.0
1988,Utah,UT,red,647008,207343,32.0,0.0,428442,66.2,5.0,0,0,0.0
1988,Vermont,VT,red,243328,115775,47.6,0.0,124331,51.1,3.0,0,0,0.0
1988,Virginia,VA,red,2191609,859799,39.2,0.0,1309162,59.7,12.0,0,0,0.0
1988,Wyoming,WY,red,176551,67113,38.0,0.0,106867,60.5,3.0,0,0,0.0
1988,Hawaii,HI,blue,354461,192364,54.3,4.0,158625,44.8,0.0,0,0,0.0
1988,Iowa,IA,blue,1225614,670557,54.7,8.0,545355,44.5,0.0,0,0,0.0
1988,Massachusetts,MA,blue,2632805,1401415,53.2,13.0,1194635,45.4,0.0,0,0,0.0
1988,Minnesota,MN,blue,2096790,1109471,52.9,10.0,962337,45.9,0.0,0,0,0.0
1988,New York,NY,blue,6485683,3347882,51.6,36.0,3081871,47.5,0.0,0,0,0.0
1988,Oregon,OR,blue,1201694,616206,51.3,7.0,560126,46.6,0.0,0,0,0.0
1988,Rhode Island,RI,blue,404620,225123,55.6,4.0,177761,43.9,0.0,0,0,0.0
1988,Washington,WA,blue,1865253,933516,50.0,10.0,903835,48.5,0.0,0,0,0.0
1988,West Virginia,WV,blue,653311,341016,52.2,5.0,310065,47.5,0.0,0,0,0.0
1988,Wisconsin,WI,blue,2191608,1126794,51.4,11.0,1047499,47.8,0.0,0,0,0.0
1992,Alabama,AL,red,1688060,690080,40.9,0.0,804283,47.6,9.0,183109,10.8,0.0
1992,Alaska,AK,red,258506,78294,30.3,0.0,102000,39.5,3.0,73481,28.4,0.0
1992,Arizona,AZ,red,1486975,543050,36.5,0.0,572086,38.5,8.0,353741,23.8,0.0
1992,Florida,FL,red,5314392,2072698,39.0,0.0,2173310,40.9,25.0,1053067,19.8,0.0
1992,Idaho,ID,red,482142,137013,28.4,0.0,202645,42.0,4.0,130395,27.0,0.0
1992,Indiana,IN,red,2305871,848420,36.8,0.0,989375,42.9,12.0,455934,19.8,0.0
1992,Kansas,KS,red,1157335,390434,33.7,0.0,449951,38.9,6.0,312358,27.0,0.0
1992,Mississippi,MS,red,981793,400258,40.8,0.0,487793,49.7,7.0,85626,8.7,0.0
1992,Nebraska,NE,red,737546,216864,29.4,0.0,343678,46.6,5.0,174104,23.6,0.0
1992,North Carolina,NC,red,2611850,1114042,42.7,0.0,1134661,43.4,14.0,357864,13.7,0.0
1992,North Dakota,ND,red,308133,99168,32.2,0.0,136244,44.2,3.0,71084,23.1,0.0
1992,Oklahoma,OK,red,1390359,473066,34.0,0.0,592929,42.6,8.0,319878,23.0,0.0
1992,South Carolina,SC,red,1202527,479514,39.9,0.0,577507,48.0,8.0,138872,11.5,0.0
1992,South Dakota,SD,red,336254,124888,37.1,0.0,136718,40.7,3.0,73295,21.8,0.0
1992,Texas,TX,red,6154018,2281815,37.1,0.0,2496071,40.6,32.0,1354781,22.0,0.0
1992,Utah,UT,red,743999,183429,24.7,0.0,322632,43.4,5.0,203400,27.3,0.0
1992,Virginia,VA,red,2558665,1038650,40.6,0.0,1150517,45.0,13.0,348639,13.6,0.0
1992,Wyoming,WY,red,200598,68160,34.0,0.0,79347,39.6,3.0,51263,25.6,0.0
1992,Arkansas,AR,blue,950653,505823,53.2,6.0,337324,35.5,0.0,99132,10.4,0.0
1992,California,CA,blue,11131721,5121325,46.0,54.0,3630574,32.6,0.0,2296006,20.6,0.0
1992,Colorado,CO,blue,1569180,629681,40.1,8.0,562850,35.9,0.0,366010,23.3,0.0
1992,Connecticut,CT,blue,1616332,682318,42.2,8.0,578313,35.8,0.0,348771,21.6,0.0
1992,Delaware,DE,blue,289735,126054,43.5,3.0,102313,35.3,0.0,59213,20.4,0.0
1992,Georgia,GA,blue,2321125,1008966,43.5,13.0,995252,42.9,0.0,309657,13.3,0.0
1992,Hawaii,HI,blue,372842,179310,48.1,4.0,136822,36.7,0.0,53003,14.2,0.0
1992,Illinois,IL,blue,5050157,2453350,48.6,22.0,1734096,34.3,0.0,840515,16.6,0.0
1992,Iowa,IA,blue,1354607,586353,43.3,7.0,504891,37.3,0.0,253468,18.7,0.0
1992,Kentucky,KY,blue,1492900,665104,44.6,8.0,617178,41.3,0.0,203944,13.7,0.0
1992,Louisiana,LA,blue,1790017,815971,45.6,9.0,733386,41.0,0.0,211478,11.8,0.0
1992,Maine,ME,blue,679499,263420,38.8,4.0,206504,30.4,0.0,206820,30.4,0.0
1992,Maryland,MD,blue,1985046,988571,49.8,10.0,707094,35.6,0.0,281414,14.2,0.0
1992,Massachusetts,MA,blue,2773700,1318662,47.5,12.0,805049,29.0,0.0,630731,22.7,0.0
1992,Michigan,MI,blue,4274673,1871182,43.8,18.0,1554940,36.4,0.0,824813,19.3,0.0
1992,Minnesota,MN,blue,2347948,1020997,43.5,10.0,747841,31.9,0.0,562506,24.0,0.0
1992,Missouri,MO,blue,2391565,1053873,44.1,11.0,811159,33.9,0.0,518741,21.7,0.0
1992,Montana,MT,blue,410611,154507,37.6,3.0,144207,35.1,0.0,107225,26.1,0.0
1992,Nevada,NV,blue,506318,189148,37.4,4.0,175828,34.7,0.0,132580,26.2,0.0
1992,New Hampshire,NH,blue,537943,209040,38.9,4.0,202484,37.6,0.0,121337,22.6,0.0
1992,New Jersey,NJ,blue,3343594,1436206,43.0,15.0,1356865,40.6,0.0,521829,15.6,0.0
1992,New Mexico,NM,blue,569986,261617,45.9,5.0,212824,37.3,0.0,91895,16.1,0.0
1992,New York,NY,blue,6926925,3444450,49.7,33.0,2346649,33.9,0.0,1090721,15.7,0.0
1992,Ohio,OH,blue,4939967,1984942,40.2,21.0,1894310,38.3,0.0,1036426,21.0,0.0
1992,Oregon,OR,blue,1462643,621314,42.5,7.0,475757,32.5,0.0,354091,24.2,0.0
1992,Pennsylvania,PA,blue,4959810,2239164,45.1,23.0,1791841,36.1,0.0,902667,18.2,0.0
1992,Rhode Island,RI,blue,453477,213299,47.0,4.0,131601,29.0,0.0,105045,23.2,0.0
1992,Tennessee,TN,blue,1982638,933521,47.1,11.0,841300,42.4,0.0,199968,10.1,0.0
1992,Vermont,VT,blue,289701,133592,46.1,3.0,88122,30.4,0.0,65991,22.8,0.0
1992,Washington,WA,blue,2288230,993037,43.4,11.0,731234,32.0,0.0,541780,23.7,0.0
1992,West Virginia,WV,blue,683762,331001,48.4,5.0,241974,35.4,0.0,108829,15.9,0.0
1992,Wisconsin,WI,blue,2531114,1041066,41.1,11.0,930855,36.8,0.0,544479,21.5,0.0
1996,Alabama,AL,red,1534349,662165,43.2,0.0,769044,50.1,9.0,92149,6.0,0.0
1996,Alaska,AK,red,241620,80380,33.3,0.0,122746,50.8,3.0,26333,10.9,0.0
1996,Colorado,CO,red,1510704,671152,44.4,0.0,691848,45.8,8.0,99629,6.6,0.0
1996,Georgia,GA,red,2299071,1053849,45.8,0.0,1080843,47.0,13.0,146337,6.4,0.0
1996,Idaho,ID,red,491719,165443,33.6,0.0,256595,52.2,4.0,62518,12.7,0.0
1996,Indiana,IN,red,2135431,887424,41.6,0.0,1006693,47.1,12.0,224299,10.5,0.0
1996,Kansas,KS,red,1074300,387659,36.1,0.0,583245,54.3,6.0,92639,8.6,0.0
1996,Mississippi,MS,red,893857,394022,44.1,0.0,439838,49.2,7.0,52222,5.8,0.0
1996,Montana,MT,red,407261,167922,41.3,0.0,179652,44.1,3.0,55229,13.6,0.0
1996,Nebraska,NE,red,677415,236761,35.0,0.0,363467,53.7,5.0,71278,10.5,0.0
1996,North Carolina,NC,red,2515807,1107849,44.0,0.0,1225938,48.7,14.0,168059,6.7,0.0
1996,North Dakota,ND,red,266411,106905,40.1,0.0,125050,46.9,3.0,32515,12.2,0.0
1996,Oklahoma,OK,red,1206713,488105,40.4,0.0,582315,48.3,8.0,130788,10.8,0.0
1996,South Carolina,SC,red,1151689,506283,44.0,0.0,573458,49.8,8.0,64386,5.6,0.0
1996,South Dakota,SD,red,323826,139333,43.0,0.0,150543,46.5,3.0,31250,9.7,0.0
1996,Texas,TX,red,5611644,2459683,43.8,0.0,2736167,48.8,32.0,378537,6.7,0.0
1996,Utah,UT,red,665629,221633,33.3,0.0,361911,54.4,5.0,66461,10.0,0.0
1996,Virginia,VA,red,2416642,1091060,45.1,0.0,1138350,47.1,13.0,159861,6.6,0.0
1996,Wyoming,WY,red,211571,77934,36.8,0.0,105388,49.8,3.0,25928,12.3,0.0
1996,Arizona,AZ,blue,1404405,653288,46.5,8.0,622073,44.3,0.0,112072,8.0,0.0
1996,Arkansas,AR,blue,884262,475171,53.7,6.0,325416,36.8,0.0,69884,7.9,0.0
1996,California,CA,blue,10019484,5119835,51.1,54.0,3828380,38.2,0.0,697847,7.0,0.0
1996,Connecticut,CT,blue,1392614,735740,52.8,8.0,483109,34.7,0.0,139523,10.0,0.0
1996,Delaware,DE,blue,270845,140355,51.8,3.0,99062,36.6,0.0,28719,10.6,0.0
1996,Florida,FL,blue,5303794,2546870,48.0,25.0,2244536,42.3,0.0,483870,9.1,0.0
1996,Hawaii,HI,blue,360120,205012,56.9,4.0,113943,31.6,0.0,27358,7.6,0.0
1996,Illinois,IL,blue,4311391,2341744,54.3,22.0,1587021,36.8,0.0,346408,8.0,0.0
1996,Iowa,IA,blue,1234075,620258,50.3,7.0,492644,39.9,0.0,105159,8.5,0.0
1996,Kentucky,KY,blue,1388708,636614,45.8,8.0,623283,44.9,0.0,120396,8.7,0.0
1996,Louisiana,LA,blue,1783959,927837,52.0,9.0,712586,39.9,0.0,123293,6.9,0.0
1996,Maine,ME,blue,605897,312788,51.6,4.0,186378,30.8,0.0,85970,14.2,0.0
1996,Maryland,MD,blue,1780870,966207,54.3,10.0,681530,38.3,0.0,115812,6.5,0.0
1996,Massachusetts,MA,blue,2556786,1571763,61.5,12.0,718107,28.1,0.0,227217,8.9,0.0
1996,Michigan,MI,blue,3848844,1989653,51.7,18.0,1481212,38.5,0.0,336670,8.7,0.0
1996,Minnesota,MN,blue,2192640,1120438,51.1,10.0,766476,35.0,0.0,257704,11.8,0.0
1996,Missouri,MO,blue,2158065,1025935,47.5,11.0,890016,41.2,0.0,217188,10.1,0.0
1996,Nevada,NV,blue,464279,203974,43.9,4.0,199244,42.9,0.0,43986,9.5,0.0
1996,New Hampshire,NH,blue,499175,246214,49.3,4.0,196532,39.4,0.0,48390,9.7,0.0
1996,New Jersey,NJ,blue,3075807,1652329,53.7,15.0,1103078,35.9,0.0,262134,8.5,0.0
1996,New Mexico,NM,blue,556074,273495,49.2,5.0,232751,41.9,0.0,32257,5.8,0.0
1996,New York,NY,blue,6316129,3756177,59.5,33.0,1933492,30.6,0.0,503458,8.0,0.0
1996,Ohio,OH,blue,4534434,2148222,47.4,21.0,1859883,41.0,0.0,483207,10.7,0.0
1996,Oregon,OR,blue,1377760,649641,47.2,7.0,538152,39.1,0.0,121221,8.8,0.0
1996,Pennsylvania,PA,blue,4506118,2215819,49.2,23.0,1801169,40.0,0.0,430984,9.6,0.0
1996,Rhode Island,RI,blue,390284,233050,59.7,4.0,104683,26.8,0.0,43723,11.2,0.0
1996,Tennessee,TN,blue,1894105,909146,48.0,11.0,863530,45.6,0.0,105918,5.6,0.0
1996,Vermont,VT,blue,258449,137894,53.4,3.0,80352,31.1,0.0,31024,12.0,0.0
1996,Washington,WA,blue,2253837,1123323,49.8,11.0,840712,37.3,0.0,201003,8.9,0.0
1996,West Virginia,WV,blue,636459,327812,51.5,5.0,233946,36.8,0.0,71639,11.3,0.0
1996,Wisconsin,WI,blue,2196169,1071971,48.8,11.0,845029,38.5,0.0,227339,10.4,0.0
2000,Alabama,AL,red,1666272,692611,41.6,0.0,941173,56.5,9.0,18323,1.1,0.0
2000,Alaska,AK,red,285560,79004,27.7,0.0,167398,58.6,3.0,28747,10.1,0.0
2000,Arizona,AZ,red,1532016,685341,44.7,0.0,781652,51.0,8.0,45645,3.0,0.0
2000,Arkansas,AR,red,921781,422768,45.9,0.0,472940,51.3,6.0,13421,1.5,0.0
2000,Colorado,CO,red,1741368,738227,42.4,0.0,883748,50.8,8.0,91434,5.3,0.0
2000,Florida,FL,red,5963110,2912253,48.8,0.0,2912790,48.8,25.0,97488,1.6,0.0
2000,Georgia,GA,red,2596645,1116230,43.0,0.0,1419720,54.7,13.0,13273,0.5,0.0
2000,Idaho,ID,red,501621,138637,27.6,0.0,336937,67.2,4.0,12292,2.5,0.0
2000,Indiana,IN,red,2199302,901980,41.0,0.0,1245836,56.6,12.0,18531,0.8,0.0
2000,Kansas,KS,red,1072218,399276,37.2,0.0,622332,58.0,6.0,36086,3.4,0.0
2000,Kentucky,KY,red,1544187,638898,41.4,0.0,872492,56.5,8.0,23192,1.5,0.0
2000,Louisiana,LA,red,1765656,792344,44.9,0.0,927871,52.6,9.0,20473,1.2,0.0
2000,Mississippi,MS,red,994184,404614,40.7,0.0,572844,57.6,7.0,8122,0.8,0.0
2000,Missouri,MO,red,2359892,1111138,47.1,0.0,1189924,50.4,11.0,38515,1.6,0.0
2000,Montana,MT,red,410997,137126,33.4,0.0,240178,58.4,3.0,24437,5.9,0.0
2000,Nebraska,NE,red,697019,231780,33.3,0.0,433862,62.2,5.0,24540,3.5,0.0
2000,Nevada,NV,red,608970,279978,46.0,0.0,301575,49.5,4.0,15008,2.5,0.0
2000,New Hampshire,NH,red,569081,266348,46.8,0.0,273559,48.1,4.0,22198,3.9,0.0
2000,North Carolina,NC,red,2911262,1257692,43.2,0.0,1631163,56.0,14.0,0,0.0,0.0
2000,North Dakota,ND,red,288256,95284,33.1,0.0,174852,60.7,3.0,9486,3.3,0.0
2000,Ohio,OH,red,4701998,2183628,46.4,0.0,2350363,50.0,21.0,117799,2.5,0.0
2000,Oklahoma,OK,red,1234229,474276,38.4,0.0,744337,60.3,8.0,0,0.0,0.0
2000,South Carolina,SC,red,1382717,565561,40.9,0.0,785937,56.8,8.0,20200,1.5,0.0
2000,South Dakota,SD,red,316269,118804,37.6,0.0,190700,60.3,3.0,0,0.0,0.0
2000,Tennessee,TN,red,2076181,981720,47.3,0.0,1061949,51.1,11.0,19781,1.0,0.0
2000,Texas,TX,red,6407637,2433746,38.0,0.0,3799639,59.3,32.0,137994,2.2,0.0
2000,Utah,UT,red,770754,203053,26.3,0.0,515096,66.8,5.0,35850,4.7,0.0
2000,Virginia,VA,red,2739447,1217290,44.4,0.0,1437490,52.5,13.0,59398,2.2,0.0
2000,West Virginia,WV,red,648124,295497,45.6,0.0,336475,51.9,5.0,10680,1.6,0.0
2000,Wyoming,WY,red,218351,60481,27.7,0.0,147947,67.8,3.0,4625,2.1,0.0
2000,California,CA,blue,10965856,5861203,53.4,54.0,4567429,41.7,0.0,418707,3.8,0.0
2000,Connecticut,CT,blue,1459525,816015,55.9,8.0,561094,38.4,0.0,64452,4.4,0.0
2000,Delaware,DE,blue,327622,180068,55.0,3.0,137288,41.9,0.0,8307,2.5,0.0
2000,Hawaii,HI,blue,367951,205286,55.8,4.0,137845,37.5,0.0,21623,5.9,0.0
2000,Illinois,IL,blue,4742123,2589026,54.6,22.0,2019421,42.6,0.0,103759,2.2,0.0
2000,Iowa,IA,blue,1315563,638517,48.5,7.0,634373,48.2,0.0,29374,2.2,0.0
2000,Maine,ME,blue,651817,319951,49.1,4.0,286616,44.0,0.0,37127,5.7,0.0
2000,Maryland,MD,blue,2020480,1140782,56.5,10.0,813797,40.3,0.0,53768,2.7,0.0
2000,Massachusetts,MA,blue,2702984,1616487,59.8,12.0,878502,32.5,0.0,173564,6.4,0.0
2000,Michigan,MI,blue,4232711,2170418,51.3,18.0,1953139,46.1,0.0,84165,2.0,0.0
2000,Minnesota,MN,blue,2438685,1168266,47.9,10.0,1109659,45.5,0.0,126696,5.2,0.0
2000,New Jersey,NJ,blue,3187226,1788850,56.1,15.0,1284173,40.3,0.0,94554,3.0,0.0
2000,New Mexico,NM,blue,598605,286783,47.9,5.0,286417,47.8,0.0,21251,3.6,0.0
2000,New York,NY,blue,6821999,4107697,60.2,33.0,2403374,35.2,0.0,244030,3.6,0.0
2000,Oregon,OR,blue,1533968,720342,47.0,7.0,713577,46.5,0.0,77357,5.0,0.0
2000,Pennsylvania,PA,blue,4913119,2485967,50.6,23.0,2281127,46.4,0.0,103392,2.1,0.0
2000,Rhode Island,RI,blue,409047,249508,61.0,4.0,130555,31.9,0.0,25052,6.1,0.0
2000,Vermont,VT,blue,294308,149022,50.6,3.0,119775,40.7,0.0,20374,6.9,0.0
2000,Washington,WA,blue,2487433,1247652,50.2,11.0,1108864,44.6,0.0,103002,4.1,0.0
2000,Wisconsin,WI,blue,2598607,1242987,47.8,11.0,1237279,47.6,0.0,94070,3.6,0.0
2004,Alabama,AL,red,1883449,693933,36.8,0.0,1176394,62.5,9.0,0,0,0.0
2004,Alaska,AK,red,312598,111025,35.5,0.0,190889,61.1,3.0,0,0,0.0
2004,Arizona,AZ,red,2012585,893524,44.4,0.0,1104294,54.9,10.0,0,0,0.0
2004,Arkansas,AR,red,1054945,469953,44.5,0.0,572898,54.3,6.0,0,0,0.0
2004,Colorado,CO,red,2130330,1001732,47.0,0.0,1101255,51.7,9.0,0,0,0.0
2004,Florida,FL,red,7609810,3583544,47.1,0.0,3964522,52.1,27.0,0,0,0.0
2004,Georgia,GA,red,3301875,1366149,41.4,0.0,1914254,58.0,15.0,0,0,0.0
2004,Idaho,ID,red,598447,181098,30.3,0.0,409235,68.4,4.0,0,0,0.0
2004,Indiana,IN,red,2468002,969011,39.3,0.0,1479438,59.9,11.0,0,0,0.0
2004,Iowa,IA,red,1506908,741898,49.2,0.0,751957,49.9,7.0,0,0,0.0
2004,Kansas,KS,red,1187756,434993,36.6,0.0,736456,62.0,6.0,0,0,0.0
2004,Kentucky,KY,red,1795882,712733,39.7,0.0,1069439,59.5,8.0,0,0,0.0
2004,Louisiana,LA,red,1943106,820299,42.2,0.0,1102169,56.7,9.0,0,0,0.0
2004,Mississippi,MS,red,1152145,458094,39.8,0.0,684981,59.5,6.0,0,0,0.0
2004,Missouri,MO,red,2731364,1259171,46.1,0.0,1455713,53.3,11.0,0,0,0.0
2004,Montana,MT,red,450445,173710,38.6,0.0,266063,59.1,3.0,0,0,0.0
2004,Nebraska,NE,red,778186,254328,32.7,0.0,512814,65.9,5.0,0,0,0.0
2004,Nevada,NV,red,829587,397190,47.9,0.0,418690,50.5,5.0,0,0,0.0
2004,New Mexico,NM,red,756304,370942,49.0,0.0,376930,49.8,5.0,0,0,0.0
2004,North Carolina,NC,red,3501007,1525849,43.6,0.0,1961166,56.0,15.0,0,0,0.0
2004,North Dakota,ND,red,312833,111052,35.5,0.0,196651,62.9,3.0,0,0,0.0
2004,Ohio,OH,red,5627908,2741167,48.7,0.0,2859768,50.8,20.0,0,0,0.0
2004,Oklahoma,OK,red,1463758,503966,34.4,0.0,959792,65.6,7.0,0,0,0.0
2004,South Carolina,SC,red,1617730,661699,40.9,0.0,937974,58.0,8.0,0,0,0.0
2004,South Dakota,SD,red,388215,149244,38.4,0.0,232584,59.9,3.0,0,0,0.0
2004,Tennessee,TN,red,2437319,1036477,42.5,0.0,1384375,56.8,11.0,0,0,0.0
2004,Texas,TX,red,7410765,2832704,38.2,0.0,4526917,61.1,34.0,0,0,0.0
2004,Utah,UT,red,927844,241199,26.0,0.0,663742,71.5,5.0,0,0,0.0
2004,Virginia,VA,red,3198367,1454742,45.5,0.0,1716959,53.7,13.0,0,0,0.0
2004,West Virginia,WV,red,755887,326541,43.2,0.0,423778,56.1,5.0,0,0,0.0
2004,Wyoming,WY,red,243428,70776,29.1,0.0,167629,68.9,3.0,0,0,0.0
2004,California,CA,blue,12421852,6745485,54.3,55.0,5509826,44.4,0.0,0,0,0.0
2004,Connecticut,CT,blue,1578769,857488,54.3,7.0,693826,43.9,0.0,0,0,0.0
2004,Delaware,DE,blue,375190,200152,53.3,3.0,171660,45.8,0.0,0,0,0.0
2004,Hawaii,HI,blue,429013,231708,54.0,4.0,194191,45.3,0.0,0,0,0.0
2004,Illinois,IL,blue,5274322,2891550,54.8,21.0,2345946,44.5,0.0,0,0,0.0
2004,Maine,ME,blue,740752,396842,53.6,4.0,330201,44.6,0.0,0,0,0.0
2004,Maryland,MD,blue,2386678,1334493,55.9,10.0,1024703,42.9,0.0,0,0,0.0
2004,Massachusetts,MA,blue,2912388,1803800,61.9,12.0,1071109,36.8,0.0,0,0,0.0
2004,Michigan,MI,blue,4839252,2479183,51.2,17.0,2313746,47.8,0.0,0,0,0.0
2004,Minnesota,MN,blue,2828387,1445014,51.1,9.0,1346695,47.6,0.0,0,0,0.0
2004,New Hampshire,NH,blue,677738,340511,50.2,4.0,331237,48.9,0.0,0,0,0.0
2004,New Jersey,NJ,blue,3611691,1911430,52.9,15.0,1670003,46.2,0.0,0,0,0.0
2004,New York,NY,blue,7391036,4314280,58.4,31.0,2962567,40.1,0.0,0,0,0.0
2004,Oregon,OR,blue,1836782,943163,51.3,7.0,866831,47.2,0.0,0,0,0.0
2004,Pennsylvania,PA,blue,5769590,2938095,50.9,21.0,2793847,48.4,0.0,0,0,0.0
2004,Rhode Island,RI,blue,437134,259765,59.4,4.0,169046,38.7,0.0,0,0,0.0
2004,Vermont,VT,blue,312309,184067,58.9,3.0,121180,38.8,0.0,0,0,0.0
2004,Washington,WA,blue,2859084,1510201,52.8,11.0,1304894,45.6,0.0,0,0,0.0
2004,Wisconsin,WI,blue,2997007,1489504,49.7,10.0,1478120,49.3,0.0,0,0,0.0
2008,Alabama,AL,red,2099819,813479,38.7,0.0,1266546,60.3,9.0,0,0,0.0
2008,Alaska,AK,red,326197,123594,37.9,0.0,193841,59.4,3.0,0,0,0.0
2008,Arizona,AZ,red,2293475,1034707,45.1,0.0,1230111,53.6,10.0,0,0,0.0
2008,Arkansas,AR,red,1086617,422310,38.9,0.0,638017,58.7,6.0,0,0,0.0
2008,Georgia,GA,red,3924440,1844137,47.0,0.0,2048744,52.2,15.0,0,0,0.0
2008,Idaho,ID,red,655032,236440,36.1,0.0,403012,61.5,4.0,0,0,0.0
2008,Kansas,KS,red,1235872,514765,41.7,0.0,699655,56.6,6.0,0,0,0.0
2008,Kentucky,KY,red,1826508,751985,41.2,0.0,1048462,57.4,8.0,0,0,0.0
2008,Louisiana,LA,red,1960761,782989,39.9,0.0,1148275,58.6,9.0,0,0,0.0
2008,Mississippi,MS,red,1289865,554662,43.0,0.0,724597,56.2,6.0,0,0,0.0
2008,Missouri,MO,red,2925205,1441911,49.3,0.0,1445814,49.4,11.0,0,0,0.0
2008,Montana,MT,red,490109,231667,47.3,0.0,242763,49.5,3.0,0,0,0.0
2008,Nebraska,NE,red,801281,333319,41.6,1.0,452979,56.5,4.0,0,0,0.0
2008,North Dakota,ND,red,316621,141278,44.6,0.0,168601,53.3,3.0,0,0,0.0
2008,Oklahoma,OK,red,1462661,502496,34.4,0.0,960165,65.6,7.0,0,0,0.0
2008,South Carolina,SC,red,1920969,862449,44.9,0.0,1034896,53.9,8.0,0,0,0.0
2008,South Dakota,SD,red,381975,170924,44.7,0.0,203054,53.2,3.0,0,0,0.0
2008,Tennessee,TN,red,2599749,1087437,41.8,0.0,1479178,56.9,11.0,0,0,0.0
2008,Texas,TX,red,8077795,3528633,43.7,0.0,4479328,55.5,34.0,0,0,0.0
2008,Utah,UT,red,952370,327670,34.4,0.0,596030,62.6,5.0,0,0,0.0
2008,West Virginia,WV,red,713362,303857,42.6,0.0,397466,55.7,5.0,0,0,0.0
2008,Wyoming,WY,red,256035,82868,32.4,0.0,164958,64.4,3.0,0,0,0.0
2008,California,CA,blue,13561900,8274473,61.0,55.0,5011781,37.0,0.0,0,0,0.0
2008,Colorado,CO,blue,2401361,1288576,53.7,9.0,1073589,44.7,0.0,0,0,0.0
2008,Connecticut,CT,blue,1646792,997772,60.6,7.0,629428,38.2,0.0,0,0,0.0
2008,Delaware,DE,blue,412412,255459,61.9,3.0,152374,36.9,0.0,0,0,0.0
2008,Florida,FL,blue,8390744,4282074,51.0,27.0,4045624,48.2,0.0,0,0,0.0
2008,Hawaii,HI,blue,453568,325871,71.8,4.0,120566,26.6,0.0,0,0,0.0
2008,Illinois,IL,blue,5523051,3419673,61.9,21.0,2031527,36.8,0.0,0,0,0.0
2008,Indiana,IN,blue,2751054,1374039,49.9,11.0,1345648,48.9,0.0,0,0,0.0
2008,Iowa,IA,blue,1543662,828940,53.7,7.0,682379,44.2,0.0,0,0,0.0
2008,Maine,ME,blue,731163,421923,57.7,4.0,295273,40.4,0.0,0,0,0.0
2008,Maryland,MD,blue,2631596,1629467,61.9,10.0,959862,36.5,0.0,0,0,0.0
2008,Massachusetts,MA,blue,3080985,1904097,61.8,12.0,1108854,36.0,0.0,0,0,0.0
2008,Michigan,MI,blue,5001766,2872579,57.4,17.0,2048639,41.0,0.0,0,0,0.0
2008,Minnesota,MN,blue,2910369,1573354,54.1,10.0,1275409,43.8,0.0,0,0,0.0
2008,Nevada,NV,blue,967848,533736,55.1,5.0,412827,42.7,0.0,0,0,0.0
2008,New Hampshire,NH,blue,707611,384826,54.4,4.0,316534,44.7,0.0,0,0,0.0
2008,New Jersey,NJ,blue,3868237,2215422,57.3,15.0,1613207,41.7,0.0,0,0,0.0
2008,New Mexico,NM,blue,830158,472422,56.9,5.0,346832,41.8,0.0,0,0,0.0
2008,New York,NY,blue,7591233,4769700,62.8,31.0,2742298,36.1,0.0,0,0,0.0
2008,North Carolina,NC,blue,4310789,2142651,49.7,15.0,2128474,49.4,0.0,0,0,0.0
2008,Ohio,OH,blue,5698260,2933388,51.5,20.0,2674491,46.9,0.0,0,0,0.0
2008,Oregon,OR,blue,1827864,1037291,56.7,7.0,738475,40.4,0.0,0,0,0.0
2008,Pennsylvania,PA,blue,6034745,3276363,54.3,21.0,2655885,44.0,0.0,0,0,0.0
2008,Rhode Island,RI,blue,469767,296571,63.1,4.0,165391,35.2,0.0,0,0,0.0
2008,Vermont,VT,blue,325046,219262,67.5,3.0,98974,30.4,0.0,0,0,0.0
2008,Virginia,VA,blue,3723260,1959532,52.6,13.0,1725005,46.3,0.0,0,0,0.0
2008,Washington,WA,blue,3036878,1750848,57.7,11.0,1229216,40.5,0.0,0,0,0.0
2008,Wisconsin,WI,blue,2983417,1677211,56.2,10.0,1262393,42.3,0.0,0,0,0.0
2012,Alabama,AL,red,2074338,795696,38.4,0.0,1255925,60.5,9.0,0,0,0.0
2012,Alaska,AK,red,300495,122640,40.8,0.0,164676,54.8,3.0,0,0,0.0
2012,Arizona,AZ,red,2299254,1025232,44.6,0.0,1233654,53.7,11.0,0,0,0.0
2012,Arkansas,AR,red,1069468,394409,36.9,0.0,647744,60.6,6.0,0,0,0.0
2012,Georgia,GA,red,3900050,1773827,45.5,0.0,2078688,53.3,16.0,0,0,0.0
2012,Idaho,ID,red,652274,212787,32.6,0.0,420911,64.5,4.0,0,0,0.0
2012,Indiana,IN,red,2624534,1152887,43.9,0.0,1420543,54.1,11.0,0,0,0.0
2012,Kansas,KS,red,1159971,440726,38.0,0.0,692634,59.7,6.0,0,0,0.0
2012,Kentucky,KY,red,1797212,679370,37.8,0.0,1087190,60.5,8.0,0,0,0.0
2012,Louisiana,LA,red,1994065,809141,40.6,0.0,1152262,57.8,8.0,0,0,0.0
2012,Mississippi,MS,red,1285584,562949,43.8,0.0,710746,55.3,6.0,0,0,0.0
2012,Missouri,MO,red,2757323,1223796,44.4,0.0,1482440,53.8,10.0,0,0,0.0
2012,Montana,MT,red,484048,201839,41.7,0.0,267928,55.4,3.0,0,0,0.0
2012,Nebraska,NE,red,794379,302081,38.0,0.0,475064,59.8,5.0,0,0,0.0
2012,North Carolina,NC,red,4505372,2178391,48.4,0.0,2270395,50.4,15.0,0,0,0.0
2012,North Dakota,ND,red,322932,124966,38.7,0.0,188320,58.3,3.0,0,0,0.0
2012,Oklahoma,OK,red,1334872,443547,33.2,0.0,891325,66.8,7.0,0,0,0.0
2012,South Carolina,SC,red,1964118,865941,44.1,0.0,1071645,54.6,9.0,0,0,0.0
2012,South Dakota,SD,red,363815,145039,39.9,0.0,210610,57.9,3.0,0,0,0.0
2012,Tennessee,TN,red,2458577,960709,39.1,0.0,1462330,59.5,11.0,0,0,0.0
2012,Texas,TX,red,7993851,3308124,41.4,0.0,4569843,57.2,38.0,0,0,0.0
2012,Utah,UT,red,1017440,251813,24.7,0.0,740600,72.8,6.0,0,0,0.0
2012,West Virginia,WV,red,670438,238269,35.5,0.0,417655,62.3,5.0,0,0,0.0
2012,Wyoming,WY,red,249061,69286,27.8,0.0,170962,68.6,3.0,0,0,0.0
2012,California,CA,blue,13038547,7854285,60.2,55.0,4839958,37.1,0.0,0,0,0.0
2012,Colorado,CO,blue,2569520,1323101,51.5,9.0,1185243,46.1,0.0,0,0,0.0
2012,Connecticut,CT,blue,1558960,905083,58.1,7.0,634892,40.7,0.0,0,0,0.0
2012,Delaware,DE,blue,413921,242584,58.6,3.0,165484,40.0,0.0,0,0,0.0
2012,Florida,FL,blue,8474179,4237756,50.0,29.0,4163447,49.1,0.0,0,0,0.0
2012,Hawaii,HI,blue,434697,306658,70.5,4.0,121015,27.8,0.0,0,0,0.0
2012,Illinois,IL,blue,5242014,3019512,57.6,20.0,2135216,40.7,0.0,0,0,0.0
2012,Iowa,IA,blue,1582180,822544,52.0,6.0,730617,46.2,0.0,0,0,0.0
2012,Maine,ME,blue,713180,401306,56.3,4.0,292276,41.0,0.0,0,0,0.0
2012,Maryland,MD,blue,2707327,1677844,62.0,10.0,971869,35.9,0.0,0,0,0.0
2012,Massachusetts,MA,blue,3167767,1921290,60.7,11.0,1188314,37.5,0.0,0,0,0.0
2012,Michigan,MI,blue,4730961,2564569,54.2,16.0,2115256,44.7,0.0,0,0,0.0
2012,Minnesota,MN,blue,2936561,1546167,52.7,10.0,1320225,45.0,0.0,0,0,0.0
2012,Nevada,NV,blue,1014918,531373,52.4,6.0,463567,45.7,0.0,0,0,0.0
2012,New Hampshire,NH,blue,710972,369561,52.0,4.0,329918,46.5,0.0,0,0,0.0
2012,New Jersey,NJ,blue,3638499,2122786,58.3,14.0,1478088,40.6,0.0,0,0,0.0
2012,New Mexico,NM,blue,783758,415335,53.0,5.0,335788,42.8,0.0,0,0,0.0
2012,New York,NY,blue,7061925,4471871,63.4,29.0,2485432,35.2,0.0,0,0,0.0
2012,Ohio,OH,blue,5580822,2827621,50.7,18.0,2661407,47.7,0.0,0,0,0.0
2012,Oregon,OR,blue,1789270,970488,54.2,7.0,754175,42.1,0.0,0,0,0.0
2012,Pennsylvania,PA,blue,5753670,2990274,52.1,20.0,2680434,46.7,0.0,0,0,0.0
2012,Rhode Island,RI,blue,446049,279677,62.7,4.0,157204,35.2,0.0,0,0,0.0
2012,Vermont,VT,blue,299290,199239,66.6,3.0,92698,31.0,0.0,0,0,0.0
2012,Virginia,VA,blue,3854490,1971820,51.2,13.0,1822522,47.3,0.0,0,0,0.0
2012,Washington,WA,blue,3125516,1755396,56.2,12.0,1290670,41.3,0.0,0,0,0.0
2012,Wisconsin,WI,blue,3071434,1620985,52.9,10.0,1410966,46.0,0.0,0,0,0.0
2016,Alabama,AL,red,2123372,729547,34.4,0.0,1318255,62.1,9.0,44467,2.1,0.0
2016,Alaska,AK,red,318608,116454,36.6,0.0,163387,51.3,3.0,18725,5.9,0.0
2016,Arizona,AZ,red,2573165,1161167,45.1,0.0,1252401,48.7,11.0,106327,4.1,0.0
2016,Arkansas,AR,red,1130635,380494,33.7,0.0,684872,60.6,6.0,29829,2.6,0.0
2016,Florida,FL,red,9420039,4504975,47.8,0.0,4617886,49.0,29.0,207043,2.2,0.0
2016,Georgia,GA,red,4092373,1877963,45.9,0.0,2089104,51.0,16.0,125306,3.1,0.0
2016,Idaho,ID,red,690255,189765,27.5,0.0,409055,59.3,4.0,28331,4.1,0.0
2016,Iowa,IA,red,1566031,653669,41.7,0.0,800983,51.1,6.0,59186,3.8,0.0
2016,Indiana,IN,red,2734958,1033126,37.8,0.0,1557286,56.9,11.0,133993,4.9,0.0
2016,Kansas,KS,red,1184402,427005,36.1,0.0,671018,56.7,6.0,55406,4.7,0.0
2016,Kentucky,KY,red,1924149,628854,32.7,0.0,1202971,62.5,8.0,53752,2.8,0.0
2016,Louisiana,LA,red,2029032,780154,38.4,0.0,1178638,58.1,8.0,37978,1.9,0.0
2016,Michigan,MI,red,4799284,2268839,47.3,0.0,2279543,47.5,16.0,172136,3.6,0.0
2016,Mississippi,MS,red,1209357,485131,40.1,0.0,700714,57.9,6.0,14435,1.2,0.0
2016,Missouri,MO,red,2808605,1071068,38.1,0.0,1594511,56.8,10.0,97359,3.5,0.0
2016,Montana,MT,red,494526,177709,35.9,0.0,279240,56.5,3.0,28037,5.7,0.0
2016,Nebraska,NE,red,844227,284494,33.7,0.0,495961,58.7,2.0,38946,4.6,0.0
2016,North Carolina,NC,red,4741558,2189313,46.2,0.0,2362628,49.8,15.0,130127,2.7,0.0
2016,North Dakota,ND,red,344360,93758,27.2,0.0,216794,63.0,3.0,21434,6.2,0.0
2016,Ohio,OH,red,5496487,2394164,43.6,0.0,2841005,51.7,18.0,174498,3.2,0.0
2016,Oklahoma,OK,red,1452992,420375,28.9,0.0,949136,65.3,7.0,83481,5.7,0.0
2016,Pennsylvania,PA,red,6115402,2926441,47.9,0.0,2970733,48.6,20.0,146715,2.4,0.0
2016,South Carolina,SC,red,2103027,855373,40.7,0.0,1155389,54.9,9.0,49204,2.3,0.0
2016,South Dakota,SD,red,370047,117442,31.7,0.0,227701,61.5,3.0,20845,5.6,0.0
2016,Tennessee,TN,red,2508027,870695,34.7,0.0,1522925,60.7,11.0,70397,2.8,0.0
2016,Texas,TX,red,8969226,3877868,43.2,0.0,4685047,52.2,38.0,283492,3.2,0.0
2016,Utah,UT,red,1131430,310676,27.5,0.0,515231,45.5,6.0,39608,3.5,0.0
2016,West Virginia,WV,red,713051,188794,26.5,0.0,489371,68.6,5.0,23004,3.2,0.0
2016,Wisconsin,WI,red,2976150,1382536,46.5,0.0,1405284,47.2,10.0,106674,3.6,0.0
2016,Wyoming,WY,red,255849,55973,21.9,0.0,174419,68.2,3.0,13287,5.2,0.0
2016,California,CA,blue,14181595,8753788,61.7,55.0,4483810,31.6,0.0,478500,3.4,0.0
2016,Colorado,CO,blue,2780220,1338870,48.2,9.0,1202484,43.3,0.0,144121,5.2,0.0
2016,Connecticut,CT,blue,1644920,897572,54.6,7.0,673215,40.9,0.0,48676,3.0,0.0
2016,Delaware,DE,blue,441590,235603,53.4,3.0,185127,41.9,0.0,14757,3.3,0.0
2016,Hawaii,HI,blue,428937,266891,62.2,4.0,128847,30.0,0.0,15954,3.7,0.0
2016,Illinois,IL,blue,5536424,3090729,55.8,20.0,2146015,38.8,0.0,209596,3.8,0.0
2016,Maine,ME,blue,747927,357735,47.8,3.0,335593,44.9,1.0,38105,5.1,0.0
2016,Maryland,MD,blue,2781446,1677928,60.3,10.0,943169,33.9,0.0,79605,2.9,0.0
2016,Massachusetts,MA,blue,3325046,1995196,60.0,11.0,1090893,32.8,0.0,138018,4.2,0.0
2016,Minnesota,MN,blue,2944813,1367716,46.4,10.0,1322951,44.9,0.0,112972,3.8,0.0
2016,Nevada,NV,blue,1125385,539260,47.9,6.0,512058,45.5,0.0,37384,3.3,0.0
2016,New Hampshire,NH,blue,744296,348526,46.8,4.0,345790,46.5,0.0,30777,4.1,0.0
2016,New Jersey,NJ,blue,3874046,2148278,55.5,14.0,1601933,41.4,0.0,72477,1.9,0.0
2016,New Mexico,NM,blue,798318,385234,48.3,5.0,319666,40.0,0.0,74541,9.3,0.0
2016,New York,NY,blue,7622328,4491191,58.9,29.0,2790073,36.6,0.0,174951,2.3,0.0
2016,Oregon,OR,blue,2001336,1002106,50.1,7.0,782403,39.1,0.0,94231,4.7,0.0
2016,Rhode Island,RI,blue,464144,252525,54.4,4.0,180543,38.9,0.0,14746,3.2,0.0
2016,Vermont,VT,blue,315067,178573,56.7,3.0,95369,30.3,0.0,10078,3.2,0.0
2016,Virginia,VA,blue,3982752,1981473,49.8,13.0,1769443,44.4,0.0,118274,3.0,0.0
2016,Washington,WA,blue,3209214,1742718,54.3,12.0,1221747,38.1,0.0,160879,5.0,0.0
2020,Alabama,AL,red,2323282,849624,36.57,0.0,1441170,62.03,9.0,32488,1.40,0.0
2020,Alaska,AK,red,359530,153778,42.77,0.0,189951,52.83,3.0,15801,4.39,0.0
2020,Arkansas,AR,red,1219069,423932,34.78,0.0,760647,62.40,6.0,34490,2.83,0.0
2020,Florida,FL,red,11067456,5297045,47.86,0.0,5668731,51.22,29.0,101680,0.92,0.0
2020,Idaho,ID,red,868014,287021,33.07,0.0,554119,63.84,4.0,26874,3.10,0.0
2020,Indiana,IN,red,3033121,1242416,40.96,0.0,1729519,57.02,11.0,61186,2.02,0.0
2020,Iowa,IA,red,1690871,759061,44.89,0.0,897672,53.09,6.0,34138,2.02,0.0
2020,Kansas,KS,red,1372303,570323,41.56,0.0,771406,56.21,6.0,30574,2.23,0.0
2020,Kentucky,KY,red,2136768,772474,36.15,0.0,1326646,62.09,8.0,37648,1.76,0.0
2020,Louisiana,LA,red,2148062,856034,39.85,0.0,1255776,58.46,8.0,36252,1.69,0.0
2020,Mississippi,MS,red,1313759,539398,41.06,0.0,756764,57.60,6.0,17597,1.34,0.0
2020,Missouri,MO,red,3025962,1253014,41.41,0.0,1718736,56.80,10.0,54212,1.79,0.0
2020,Montana,MT,red,603640,244786,40.55,0.0,343602,56.92,3.0,15252,2.53,0.0
2020,Nebraska,NE,red,951712,374583,39.36,0.0,556846,58.51,2.0,20283,2.13,0.0
2020,North Carolina,NC,red,5524804,2684292,48.59,0.0,2758775,49.93,15.0,81737,1.48,0.0
2020,North Dakota,ND,red,361819,114902,31.76,0.0,235595,65.11,3.0,11322,3.13,0.0
2020,Ohio,OH,red,5922202,2679165,45.24,0.0,3154834,53.27,18.0,88203,1.49,0.0
2020,Oklahoma,OK,red,1560699,503890,32.29,0.0,1020280,65.37,7.0,36529,2.34,0.0
2020,South Carolina,SC,red,2513329,1091541,43.43,0.0,1385103,55.11,9.0,36685,1.46,0.0
2020,South Dakota,SD,red,422609,150471,35.61,0.0,261043,61.77,3.0,11095,2.63,0.0
2020,Tennessee,TN,red,3053851,1143711,37.45,0.0,1852475,60.66,11.0,57665,1.89,0.0
2020,Texas,TX,red,11315056,5259126,46.48,0.0,5890347,52.06,38.0,165583,1.46,0.0
2020,Utah,UT,red,1488289,560282,37.65,0.0,865140,58.13,6.0,62867,4.22,0.0
2020,West Virginia,WV,red,794652,235984,29.70,0.0,545382,68.63,5.0,13286,1.67,0.0
2020,Wyoming,WY,red,276765,73491,26.55,0.0,193559,69.94,3.0,9715,3.51,0.0
2020,Arizona,AZ,blue,3387326,1672143,49.36,11.0,1661686,49.06,0.0,53497,1.58,0.0
2020,California,CA,blue,17500881,11110250,63.48,55.0,6006429,34.32,0.0,384202,2.20,0.0
2020,Colorado,CO,blue,3256952,1804352,55.40,9.0,1364607,41.90,0.0,87993,2.70,0.0
2020,Connecticut,CT,blue,1824280,1080680,59.24,7.0,715291,39.21,0.0,28309,1.55,0.0
2020,Delaware,DE,blue,504010,296268,58.78,3.0,200603,39.80,0.0,7139,1.42,0.0
2020,Georgia,GA,blue,4997716,2473633,49.50,16.0,2461854,49.26,0.0,62229,1.25,0.0
2020,Hawaii,HI,blue,574469,366130,63.73,4.0,196864,34.27,0.0,11475,2.00,0.0
2020,Illinois,IL,blue,6033744,3471915,57.54,20.0,2446891,40.55,0.0,114938,1.90,0.0
2020,Maine,ME,blue,819461,435072,53.09,2.0,360737,44.02,0.0,23652,2.89,0.0
2020,Maryland,MD,blue,3037030,1985023,65.36,10.0,976414,32.15,0.0,75593,2.49,0.0
2020,Massachusetts,MA,blue,3631403,2382202,65.60,11.0,1167202,32.14,0.0,81999,2.26,0.0
2020,Michigan,MI,blue,5539301,2804040,50.62,16.0,2649852,47.84,0.0,85409,1.54,0.0
2020,Minnesota,MN,blue,3277171,1717077,52.40,10.0,1484065,45.28,0.0,76029,2.32,0.0
2020,Nevada,NV,blue,1405376,703486,50.06,6.0,669890,47.67,0.0,32000,2.28,0.0
2020,New Hampshire,NH,blue,806205,424937,52.71,4.0,365660,45.36,0.0,15608,1.94,0.0
2020,New Jersey,NJ,blue,4549353,2608335,57.33,14.0,1883274,41.40,0.0,57744,1.27,0.0
2020,New Mexico,NM,blue,923965,501614,54.29,5.0,401894,43.50,0.0,20457,2.21,0.0
2020,New York,NY,blue,8594826,5230985,60.86,29.0,3244798,37.75,0.0,119043,1.39,0.0
2020,Oregon,OR,blue,2374321,1340383,56.45,7.0,958448,40.37,0.0,75490,3.18,0.0
2020,Pennsylvania,PA,blue,6915283,3458229,50.01,20.0,3377674,48.84,0.0,79380,1.15,0.0
2020,Rhode Island,RI,blue,517757,307486,59.39,4.0,199922,38.61,0.0,10349,2.00,0.0
2020,Vermont,VT,blue,367428,242820,66.09,3.0,112704,30.67,0.0,11904,3.24,0.0
2020,Virginia,VA,blue,4460524,2413568,54.11,13.0,1962430,44.00,0.0,84526,1.89,0.0
2020,Washington,WA,blue,4087631,2369612,57.97,12.0,1584651,38.77,0.0,133368,3.26,0.0
2020,Wisconsin,WI,blue,3298041,1630866,49.45,10.0,1610184,48.82,0.0,56991,1.73,0.0
2024,Alabama,AL,red,2265090,772412,34.10,0.0,1462616,64.57,9.0,30062,1.33,0.0
2024,Alaska,AK,red,338177,140026,41.41,0.0,184458,54.54,3.0,13693,4.05,0.0
2024,Arizona,AZ,red,3390161,1582860,46.69,0.0,1770242,52.22,11.0,37059,1.09,0.0
2024,Arkansas,AR,red,1182676,396905,33.56,0.0,759241,64.20,6.0,26530,2.24,0.0
2024,Florida,FL,red,10893752,4683038,42.99,0.0,6110125,56.09,30.0,100589,0.92,0.0
2024,Georgia,GA,red,5250047,2548017,48.53,0.0,2663117,50.73,16.0,38913,0.74,0.0
2024,Idaho,ID,red,904812,274972,30.39,0.0,605246,66.89,4.0,24594,2.72,0.0
2024,Indiana,IN,red,2936677,1163603,39.62,0.0,1720347,58.58,11.0,52727,1.80,0.0
2024,Iowa,IA,red,1663506,707278,42.52,0.0,927019,55.73,6.0,29209,1.76,0.0
2024,Kansas,KS,red,1327591,544853,41.04,0.0,758802,57.16,6.0,23936,1.80,0.0
2024,Kentucky,KY,red,2074530,704043,33.94,0.0,1337494,64.47,8.0,32993,1.59,0.0
2024,Louisiana,LA,red,2006975,766870,38.21,0.0,1208505,60.22,8.0,31600,1.57,0.0
2024,Michigan,MI,red,5664186,2736533,48.31,0.0,2816636,49.73,15.0,111017,1.96,0.0
2024,Mississippi,MS,red,1228008,466668,38.00,0.0,747744,60.89,6.0,13596,1.11,0.0
2024,Missouri,MO,red,2995327,1200599,40.08,0.0,1751986,58.49,10.0,42742,1.43,0.0
2024,Montana,MT,red,602963,231906,38.46,0.0,352079,58.39,4.0,18978,3.15,0.0
2024,Nebraska,NE,red,947159,369995,39.06,0.0,564816,59.63,2.0,12348,1.30,0.0
2024,Nevada,NV,red,1484840,705197,47.49,0.0,751205,50.59,6.0,28438,1.92,0.0
2024,North Carolina,NC,red,5699141,2715375,47.65,0.0,2898423,50.86,16.0,85343,1.50,0.0
2024,North Dakota,ND,red,368155,112327,30.51,0.0,246505,66.96,3.0,9323,2.53,0.0
2024,Ohio,OH,red,5767788,2533699,43.93,0.0,3180116,55.14,17.0,53973,0.94,0.0
2024,Oklahoma,OK,red,1566173,499599,31.90,0.0,1036213,66.16,7.0,30361,1.94,0.0
2024,Pennsylvania,PA,red,7034206,3423042,48.66,0.0,3543308,50.37,19.0,67856,0.96,0.0
2024,South Carolina,SC,red,2548140,1028452,40.36,0.0,1483747,58.23,9.0,35941,1.41,0.0
2024,South Dakota,SD,red,428922,146859,34.24,0.0,272081,63.43,3.0,9982,2.33,0.0
2024,Tennessee,TN,red,3063942,1056265,34.47,0.0,1966865,64.19,11.0,40812,1.33,0.0
2024,Texas,TX,red,11388674,4835250,42.46,0.0,6393597,56.14,40.0,159827,1.40,0.0
2024,Utah,UT,red,1488494,562566,37.79,0.0,883818,59.38,6.0,42110,2.83,0.0
2024,West Virginia,WV,red,762390,214309,28.11,0.0,533556,69.98,4.0,14525,1.91,0.0
2024,Wisconsin,WI,red,3415787,1668229,48.84,0.0,1697626,49.70,10.0,49932,1.46,0.0
2024,Wyoming,WY,red,269048,69527,25.84,0.0,192633,71.60,3.0,6888,2.56,0.0
2024,California,CA,blue,15865475,9276179,58.47,54.0,6081697,38.33,0.0,507599,3.20,0.0
2024,Colorado,CO,blue,3192745,1728159,54.13,10.0,1377441,43.14,0.0,87145,2.73,0.0
2024,Connecticut,CT,blue,1759010,992053,56.40,7.0,736918,41.89,0.0,30039,1.71,0.0
2024,Delaware,DE,blue,511697,289758,56.63,3.0,214351,41.89,0.0,7588,1.48,0.0
2024,Hawaii,HI,blue,516701,313044,60.59,4.0,193661,37.48,0.0,9996,1.93,0.0
2024,Illinois,IL,blue,5633310,3062863,54.37,19.0,2449079,43.47,0.0,121368,2.15,0.0
2024,Maine,ME,blue,830794,435652,52.44,2.0,377977,45.50,0.0,17165,2.07,0.0
2024,Maryland,MD,blue,3038334,1902577,62.62,10.0,1035550,34.08,0.0,100207,3.30,0.0
2024,Massachusetts,MA,blue,3473668,2126518,61.22,11.0,1251303,36.02,0.0,95847,2.76,0.0
2024,Minnesota,MN,blue,3253920,1656979,50.92,10.0,1519032,46.68,0.0,77909,2.39,0.0
2024,New Hampshire,NH,blue,826189,418488,50.65,4.0,395523,47.87,0.0,12178,1.47,0.0
2024,New Jersey,NJ,blue,4272725,2220713,51.97,14.0,1968215,46.06,0.0,83797,1.96,0.0
2024,New Mexico,NM,blue,923403,478802,51.85,5.0,423391,45.85,0.0,21210,2.30,0.0
2024,New York,NY,blue,8262495,4619195,55.91,28.0,3578899,43.31,0.0,64401,0.78,0.0
2024,Oregon,OR,blue,2244493,1240600,55.27,8.0,919480,40.97,0.0,84413,3.76,0.0
2024,Rhode Island,RI,blue,513386,285156,55.54,4.0,214406,41.76,0.0,13824,2.69,0.0
2024,Vermont,VT,blue,369422,235791,63.83,3.0,119395,32.32,0.0,14236,3.85,0.0
2024,Virginia,VA,blue,4505941,2335395,51.83,13.0,2075085,46.05,0.0,95461,2.12,0.0
2024,Washington,WA,blue,3924243,2245849,57.23,12.0,1530923,39.01,0.0,147471,3.76,0.0
